<?xml version="1.0" encoding="UTF-8"?>
<metadata xml:lang="en"><Esri><CreaDate>20141016</CreaDate><CreaTime>09230400</CreaTime><ArcGISFormat>1.0</ArcGISFormat><SyncOnce>TRUE</SyncOnce><DataProperties><lineage><Process ToolSource="c:\program files (x86)\arcgis\desktop10.1\ArcToolbox\Toolboxes\Conversion Tools.tbx\FeatureClassToFeatureClass" Date="20141016" Time="092304">FeatureClassToFeatureClass "Database Connections\Address_Base_sbegis01.sde\ADDRESS_BASE.dbo.SBE_PRECINCTS" C:\NCSBE\SBE_DATA PRECINCTS.shp # "PREC_ID "PREC_ID" true true false 100 Text 0 0 ,First,#,Database Connections\Address_Base_sbegis01.sde\ADDRESS_BASE.dbo.SBE_PRECINCTS,PREC_ID,-1,-1;ENR_DESC "ENR_DESC" true true false 150 Text 0 0 ,First,#,Database Connections\Address_Base_sbegis01.sde\ADDRESS_BASE.dbo.SBE_PRECINCTS,ENR_DESC,-1,-1;COUNTY_ID "COUNTY_ID" true true false 2 Short 0 5 ,First,#,Database Connections\Address_Base_sbegis01.sde\ADDRESS_BASE.dbo.SBE_PRECINCTS,COUNTY_ID,-1,-1;COUNTY_NAM "COUNTY_NAM" true true false 100 Text 0 0 ,First,#,Database Connections\Address_Base_sbegis01.sde\ADDRESS_BASE.dbo.SBE_PRECINCTS,COUNTY_NAM,-1,-1;OF_PREC_ID "OF_PREC_ID" true true false 50 Text 0 0 ,First,#,Database Connections\Address_Base_sbegis01.sde\ADDRESS_BASE.dbo.SBE_PRECINCTS,OF_PREC_ID,-1,-1" #</Process></lineage></DataProperties></Esri></metadata>
